Model,Mean JSD ↓,Max JSD ↓,Mean Entropy ↑,MAD ↓
Vision_ft,0.017398871083177753,0.029563372908888465,0.8712589884410067,0.01357317526349948
