Model,Mean JSD ↓,Max JSD ↓,Mean Entropy ↑,MAD ↓
UTKface_Ablated,0.006448064223617485,0.013363118600411613,0.8676876097609079,0.01046276193422428
