Model,Mean JSD ↓,Max JSD ↓,Mean Entropy ↑,MAD ↓
UTKface_Base,0.018869104833573326,0.04851135679876723,0.8503712749477208,0.01687823397212055
