Model,Mean JSD ↓,Max JSD ↓,Mean Entropy ↑,MAD ↓
OpenClip,0.058775139741134526,0.10178214319496229,0.6837758942575455,0.020317629785221007
