Model,Mean JSD ↓,Max JSD ↓,Mean Entropy ↑,MAD ↓
Vision_text_ft,0.02445033300473431,0.04637699046545713,0.7616233657454095,0.011336137416169055
