Model,Mean JSD ↓,Max JSD ↓,Mean Entropy ↑,MAD ↓
L_14,0.0299281806253409,0.045988335919629454,0.8667766301933076,0.016929570527140274
