Model,Mean JSD ↓,Max JSD ↓,Mean Entropy ↑,MAD ↓
Ablated,0.001991812133982581,0.003809051500729851,0.8787646365743779,0.004430910861356422
