Model,Mean JSD ↓,Max JSD ↓,Mean Entropy ↑,MAD ↓
Baseline,0.039369600645958715,0.05283766778738967,0.8984847535817126,0.02146229111476898
